name,email,year_number,id_number,,first_name,last_name,address,city,county,state,zip,phone
James Butt,jbutt@gmail.com,2021,111111111,,James,Butt,6649 N Blue Gum St,New Orleans,Orleans,LA,70116,504-621-8927
Josephine Darakjy,josephine_darakjy@darakjy.org,2021,111111112,,Josephine,Darakjy,4 B Blue Ridge Blvd,Brighton,Livingston,MI,48116,810-292-9388
Art Venere,art@venere.org,2021,111111113,,Art,Venere,8 W Cerritos Ave #54,Bridgeport,Gloucester,NJ,8014,856-636-8749
Lenna Paprocki,lpaprocki@hotmail.com,2021,111111114,,Lenna,Paprocki,639 Main St,Anchorage,Anchorage,AK,99501,907-385-4412
Donette Foller,donette.foller@cox.net,2021,111111115,,Donette,Foller,34 Center St,Hamilton,Butler,OH,45011,513-570-1893
Simona Morasca,simona@morasca.com,2021,111111116,,Simona,Morasca,3 Mcauley Dr,Ashland,Ashland,OH,44805,419-503-2484
Mitsue Tollner,mitsue_tollner@yahoo.com,2021,111111117,,Mitsue,Tollner,7 Eads St,Chicago,Cook,IL,60632,773-573-6914
Leota Dilliard,leota@hotmail.com,2021,111111118,,Leota,Dilliard,7 W Jackson Blvd,San Jose,Santa Clara,CA,95111,408-752-3500
Sage Wieser,sage_wieser@cox.net,2021,111111119,,Sage,Wieser,5 Boston Ave #88,Sioux Falls,Minnehaha,SD,57105,605-414-2147
Kris Marrier,kris@gmail.com,2021,111111120,,Kris,Marrier,228 Runamuck Pl #2808,Baltimore,Baltimore City,MD,21224,410-655-8723
Minna Amigon,minna_amigon@yahoo.com,2021,111111121,,Minna,Amigon,2371 Jerrold Ave,Kulpsville,Montgomery,PA,19443,215-874-1229
Abel Maclead,amaclead@gmail.com,2021,111111122,,Abel,Maclead,37275 St  Rt 17m M,Middle Island,Suffolk,NY,11953,631-335-3414
Kiley Caldarera,kiley.caldarera@aol.com,2021,111111123,,Kiley,Caldarera,25 E 75th St #69,Los Angeles,Los Angeles,CA,90034,310-498-5651
Graciela Ruta,gruta@cox.net,2021,111111124,,Graciela,Ruta,98 Connecticut Ave Nw,Chagrin Falls,Geauga,OH,44023,440-780-8425
Cammy Albares,calbares@gmail.com,2021,111111125,,Cammy,Albares,56 E Morehead St,Laredo,Webb,TX,78045,956-537-6195
Mattie Poquette,mattie@aol.com,2021,111111126,,Mattie,Poquette,73 State Road 434 E,Phoenix,Maricopa,AZ,85013,602-277-4385
Meaghan Garufi,meaghan@hotmail.com,2021,111111127,,Meaghan,Garufi,69734 E Carrillo St,Mc Minnville,Warren,TN,37110,931-313-9635
Gladys Rim,gladys.rim@rim.org,2021,111111128,,Gladys,Rim,322 New Horizon Blvd,Milwaukee,Milwaukee,WI,53207,414-661-9598
Yuki Whobrey,yuki_whobrey@aol.com,2021,111111129,,Yuki,Whobrey,1 State Route 27,Taylor,Wayne,MI,48180,313-288-7937
Fletcher Flosi,fletcher.flosi@yahoo.com,2021,111111130,,Fletcher,Flosi,394 Manchester Blvd,Rockford,Winnebago,IL,61109,815-828-2147
Bette Nicka,bette_nicka@cox.net,2021,111111131,,Bette,Nicka,6 S 33rd St,Aston,Delaware,PA,19014,610-545-3615
Veronika Inouye,vinouye@aol.com,2021,111111132,,Veronika,Inouye,6 Greenleaf Ave,San Jose,Santa Clara,CA,95111,408-540-1785
Willard Kolmetz,willard@hotmail.com,2021,111111133,,Willard,Kolmetz,618 W Yakima Ave,Irving,Dallas,TX,75062,972-303-9197
Maryann Royster,mroyster@royster.com,2021,111111134,,Maryann,Royster,74 S Westgate St,Albany,Albany,NY,12204,518-966-7987
Alisha Slusarski,alisha@slusarski.com,2021,111111135,,Alisha,Slusarski,3273 State St,Middlesex,Middlesex,NJ,8846,732-658-3154
Allene Iturbide,allene_iturbide@cox.net,2021,111111136,,Allene,Iturbide,1 Central Ave,Stevens Point,Portage,WI,54481,715-662-6764
Chanel Caudy,chanel.caudy@caudy.org,2021,111111137,,Chanel,Caudy,86 Nw 66th St #8673,Shawnee,Johnson,KS,66218,913-388-2079
Ezekiel Chui,ezekiel@chui.com,2021,111111138,,Ezekiel,Chui,2 Cedar Ave #84,Easton,Talbot,MD,21601,410-669-1642
Willow Kusko,wkusko@yahoo.com,2021,111111139,,Willow,Kusko,90991 Thorburn Ave,New York,New York,NY,10011,212-582-4976
Bernardo Figeroa,bfigeroa@aol.com,2021,111111140,,Bernardo,Figeroa,386 9th Ave N,Conroe,Montgomery,TX,77301,936-336-3951
Ammie Corrio,ammie@corrio.com,2021,111111141,,Ammie,Corrio,74874 Atlantic Ave,Columbus,Franklin,OH,43215,614-801-9788
Francine Vocelka,francine_vocelka@vocelka.com,2021,111111142,,Francine,Vocelka,366 South Dr,Las Cruces,Dona Ana,NM,88011,505-977-3911
Ernie Stenseth,ernie_stenseth@aol.com,2021,111111143,,Ernie,Stenseth,45 E Liberty St,Ridgefield Park,Bergen,NJ,7660,201-709-6245
Albina Glick,albina@glick.com,2021,111111144,,Albina,Glick,4 Ralph Ct,Dunellen,Middlesex,NJ,8812,732-924-7882
Alishia Sergi,asergi@gmail.com,2021,111111145,,Alishia,Sergi,2742 Distribution Way,New York,New York,NY,10025,212-860-1579
Solange Shinko,solange@shinko.com,2021,111111146,,Solange,Shinko,426 Wolf St,Metairie,Jefferson,LA,70002,504-979-9175
Jose Stockham,jose@yahoo.com,2021,111111147,,Jose,Stockham,128 Bransten Rd,New York,New York,NY,10011,212-675-8570
Rozella Ostrosky,rozella.ostrosky@ostrosky.com,2021,111111148,,Rozella,Ostrosky,17 Morena Blvd,Camarillo,Ventura,CA,93012,805-832-6163
Valentine Gillian,valentine_gillian@gmail.com,2021,111111149,,Valentine,Gillian,775 W 17th St,San Antonio,Bexar,TX,78204,210-812-9597
Kati Rulapaugh,kati.rulapaugh@hotmail.com,2021,111111150,,Kati,Rulapaugh,6980 Dorsett Rd,Abilene,Dickinson,KS,67410,785-463-7829
Youlanda Schemmer,youlanda@aol.com,2021,111111151,,Youlanda,Schemmer,2881 Lewis Rd,Prineville,Crook,OR,97754,541-548-8197
Dyan Oldroyd,doldroyd@aol.com,2021,111111152,,Dyan,Oldroyd,7219 Woodfield Rd,Overland Park,Johnson,KS,66204,913-413-4604
Roxane Campain,roxane@hotmail.com,2021,111111153,,Roxane,Campain,1048 Main St,Fairbanks,Fairbanks North Star,AK,99708,907-231-4722
Lavera Perin,lperin@perin.org,2021,111111154,,Lavera,Perin,678 3rd Ave,Miami,Miami-Dade,FL,33196,305-606-7291
Erick Ferencz,erick.ferencz@aol.com,2021,111111155,,Erick,Ferencz,20 S Babcock St,Fairbanks,Fairbanks North Star,AK,99712,907-741-1044
Fatima Saylors,fsaylors@saylors.org,2021,111111156,,Fatima,Saylors,2 Lighthouse Ave,Hopkins,Hennepin,MN,55343,952-768-2416
Jina Briddick,jina_briddick@briddick.com,2021,111111157,,Jina,Briddick,38938 Park Blvd,Boston,Suffolk,MA,2128,617-399-5124
Kanisha Waycott,kanisha_waycott@yahoo.com,2021,111111158,,Kanisha,Waycott,5 Tomahawk Dr,Los Angeles,Los Angeles,CA,90006,323-453-2780
Emerson Bowley,emerson.bowley@bowley.org,2021,111111159,,Emerson,Bowley,762 S Main St,Madison,Dane,WI,53711,608-336-7444
Blair Malet,bmalet@yahoo.com,2021,111111160,,Blair,Malet,209 Decker Dr,Philadelphia,Philadelphia,PA,19132,215-907-9111
Brock Bolognia,bbolognia@yahoo.com,2021,111111161,,Brock,Bolognia,4486 W O St #1,New York,New York,NY,10003,212-402-9216
Lorrie Nestle,lnestle@hotmail.com,2021,111111162,,Lorrie,Nestle,39 S 7th St,Tullahoma,Coffee,TN,37388,931-875-6644
Sabra Uyetake,sabra@uyetake.org,2021,111111163,,Sabra,Uyetake,98839 Hawthorne Blvd #6101,Columbia,Richland,SC,29201,803-925-5213
Marjory Mastella,mmastella@mastella.com,2021,111111164,,Marjory,Mastella,71 San Mateo Ave,Wayne,Delaware,PA,19087,610-814-5533
Karl Klonowski,karl_klonowski@yahoo.com,2021,111111165,,Karl,Klonowski,76 Brooks St #9,Flemington,Hunterdon,NJ,8822,908-877-6135
Tonette Wenner,twenner@aol.com,2021,111111166,,Tonette,Wenner,4545 Courthouse Rd,Westbury,Nassau,NY,11590,516-968-6051
Amber Monarrez,amber_monarrez@monarrez.org,2021,111111167,,Amber,Monarrez,14288 Foster Ave #4121,Jenkintown,Montgomery,PA,19046,215-934-8655
Shenika Seewald,shenika@gmail.com,2021,111111168,,Shenika,Seewald,4 Otis St,Van Nuys,Los Angeles,CA,91405,818-423-4007
Delmy Ahle,delmy.ahle@hotmail.com,2021,111111169,,Delmy,Ahle,65895 S 16th St,Providence,Providence,RI,2909,401-458-2547
Deeanna Juhas,deeanna_juhas@gmail.com,2021,111111170,,Deeanna,Juhas,14302 Pennsylvania Ave,Huntingdon Valley,Montgomery,PA,19006,215-211-9589
Blondell Pugh,bpugh@aol.com,2021,111111171,,Blondell,Pugh,201 Hawk Ct,Providence,Providence,RI,2904,401-960-8259
Jamal Vanausdal,jamal@vanausdal.org,2021,111111172,,Jamal,Vanausdal,53075 Sw 152nd Ter #615,Monroe Township,Middlesex,NJ,8831,732-234-1546
Cecily Hollack,cecily@hollack.org,2021,111111173,,Cecily,Hollack,59 N Groesbeck Hwy,Austin,Travis,TX,78731,512-486-3817
Carmelina Lindall,carmelina_lindall@lindall.com,2021,111111174,,Carmelina,Lindall,2664 Lewis Rd,Littleton,Douglas,CO,80126,303-724-7371
Maurine Yglesias,maurine_yglesias@yglesias.com,2021,111111175,,Maurine,Yglesias,59 Shady Ln #53,Milwaukee,Milwaukee,WI,53214,414-748-1374
Tawna Buvens,tawna@gmail.com,2021,111111176,,Tawna,Buvens,3305 Nabell Ave #679,New York,New York,NY,10009,212-674-9610
Penney Weight,penney_weight@aol.com,2021,111111177,,Penney,Weight,18 Fountain St,Anchorage,Anchorage,AK,99515,907-797-9628
Elly Morocco,elly_morocco@gmail.com,2021,111111178,,Elly,Morocco,7 W 32nd St,Erie,Erie,PA,16502,814-393-5571
Ilene Eroman,ilene.eroman@hotmail.com,2021,111111179,,Ilene,Eroman,2853 S Central Expy,Glen Burnie,Anne Arundel,MD,21061,410-914-9018
Vallie Mondella,vmondella@mondella.com,2021,111111180,,Vallie,Mondella,74 W College St,Boise,Ada,ID,83707,208-862-5339
Kallie Blackwood,kallie.blackwood@gmail.com,2021,111111181,,Kallie,Blackwood,701 S Harrison Rd,San Francisco,San Francisco,CA,94104,415-315-2761
Johnetta Abdallah,johnetta_abdallah@aol.com,2021,111111182,,Johnetta,Abdallah,1088 Pinehurst St,Chapel Hill,Orange,NC,27514,919-225-9345
Bobbye Rhym,brhym@rhym.com,2021,111111183,,Bobbye,Rhym,30 W 80th St #1995,San Carlos,San Mateo,CA,94070,650-528-5783
Micaela Rhymes,micaela_rhymes@gmail.com,2021,111111184,,Micaela,Rhymes,20932 Hedley St,Concord,Contra Costa,CA,94520,925-647-3298
Tamar Hoogland,tamar@hotmail.com,2021,111111185,,Tamar,Hoogland,2737 Pistorio Rd #9230,London,Madison,OH,43140,740-343-8575
Moon Parlato,moon@yahoo.com,2021,111111186,,Moon,Parlato,74989 Brandon St,Wellsville,Allegany,NY,14895,585-866-8313
Laurel Reitler,laurel_reitler@reitler.com,2021,111111187,,Laurel,Reitler,6 Kains Ave,Baltimore,Baltimore City,MD,21215,410-520-4832
Delisa Crupi,delisa.crupi@crupi.com,2021,111111188,,Delisa,Crupi,47565 W Grand Ave,Newark,Essex,NJ,7105,973-354-2040
Viva Toelkes,viva.toelkes@gmail.com,2021,111111189,,Viva,Toelkes,4284 Dorigo Ln,Chicago,Cook,IL,60647,773-446-5569
Elza Lipke,elza@yahoo.com,2021,111111190,,Elza,Lipke,6794 Lake Dr E,Newark,Essex,NJ,7104,973-927-3447
Devorah Chickering,devorah@hotmail.com,2021,111111191,,Devorah,Chickering,31 Douglas Blvd #950,Clovis,Curry,NM,88101,505-975-8559
Timothy Mulqueen,timothy_mulqueen@mulqueen.org,2021,111111192,,Timothy,Mulqueen,44 W 4th St,Staten Island,Richmond,NY,10309,718-332-6527
Arlette Honeywell,ahoneywell@honeywell.com,2021,111111193,,Arlette,Honeywell,11279 Loytan St,Jacksonville,Duval,FL,32254,904-775-4480
Dominque Dickerson,dominque.dickerson@dickerson.org,2021,111111194,,Dominque,Dickerson,69 Marquette Ave,Hayward,Alameda,CA,94545,510-993-3758
Lettie Isenhower,lettie_isenhower@yahoo.com,2021,111111195,,Lettie,Isenhower,70 W Main St,Beachwood,Cuyahoga,OH,44122,216-657-7668
Myra Munns,mmunns@cox.net,2021,111111196,,Myra,Munns,461 Prospect Pl #316,Euless,Tarrant,TX,76040,817-914-7518
Stephaine Barfield,stephaine@barfield.com,2021,111111197,,Stephaine,Barfield,47154 Whipple Ave Nw,Gardena,Los Angeles,CA,90247,310-774-7643
Lai Gato,lai.gato@gato.org,2021,111111198,,Lai,Gato,37 Alabama Ave,Evanston,Cook,IL,60201,847-728-7286
Stephen Emigh,stephen_emigh@hotmail.com,2021,111111199,,Stephen,Emigh,3777 E Richmond St #900,Akron,Summit,OH,44302,330-537-5358
Tyra Shields,tshields@gmail.com,2021,111111200,,Tyra,Shields,3 Fort Worth Ave,Philadelphia,Philadelphia,PA,19106,215-255-1641
Tammara Wardrip,twardrip@cox.net,2021,111111201,,Tammara,Wardrip,4800 Black Horse Pike,Burlingame,San Mateo,CA,94010,650-803-1936
Cory Gibes,cory.gibes@gmail.com,2021,111111202,,Cory,Gibes,83649 W Belmont Ave,San Gabriel,Los Angeles,CA,91776,626-572-1096
Danica Bruschke,danica_bruschke@gmail.com,2021,111111203,,Danica,Bruschke,840 15th Ave,Waco,McLennan,TX,76708,254-782-8569
Wilda Giguere,wilda@cox.net,2021,111111204,,Wilda,Giguere,1747 Calle Amanecer #2,Anchorage,Anchorage,AK,99501,907-870-5536
Elvera Benimadho,elvera.benimadho@cox.net,2021,111111205,,Elvera,Benimadho,99385 Charity St #840,San Jose,Santa Clara,CA,95110,408-703-8505
Carma Vanheusen,carma@cox.net,2021,111111206,,Carma,Vanheusen,68556 Central Hwy,San Leandro,Alameda,CA,94577,510-503-7169
Malinda Hochard,malinda.hochard@yahoo.com,2021,111111207,,Malinda,Hochard,55 Riverside Ave,Indianapolis,Marion,IN,46202,317-722-5066
Natalie Fern,natalie.fern@hotmail.com,2021,111111208,,Natalie,Fern,7140 University Ave,Rock Springs,Sweetwater,WY,82901,307-704-8713
Lisha Centini,lisha@centini.org,2021,111111209,,Lisha,Centini,64 5th Ave #1153,Mc Lean,Fairfax,VA,22102,703-235-3937
Arlene Klusman,arlene_klusman@gmail.com,2021,111111210,,Arlene,Klusman,3 Secor Rd,New Orleans,Orleans,LA,70112,504-710-5840
Alease Buemi,alease@buemi.com,2021,111111211,,Alease,Buemi,4 Webbs Chapel Rd,Boulder,Boulder,CO,80303,303-301-4946
Louisa Cronauer,louisa@cronauer.com,2021,111111212,,Louisa,Cronauer,524 Louisiana Ave Nw,San Leandro,Alameda,CA,94577,510-828-7047
Angella Cetta,angella.cetta@hotmail.com,2021,111111213,,Angella,Cetta,185 Blackstone Bldge,Honolulu,Honolulu,HI,96817,808-892-7943
Cyndy Goldammer,cgoldammer@cox.net,2021,111111214,,Cyndy,Goldammer,170 Wyoming Ave,Burnsville,Dakota,MN,55337,952-334-9408
Rosio Cork,rosio.cork@gmail.com,2021,111111215,,Rosio,Cork,4 10th St W,High Point,Guilford,NC,27263,336-243-5659
Celeste Korando,ckorando@hotmail.com,2021,111111216,,Celeste,Korando,7 W Pinhook Rd,Lynbrook,Nassau,NY,11563,516-509-2347
Twana Felger,twana.felger@felger.org,2021,111111217,,Twana,Felger,1 Commerce Way,Portland,Washington,OR,97224,503-939-3153
Estrella Samu,estrella@aol.com,2021,111111218,,Estrella,Samu,64 Lakeview Ave,Beloit,Rock,WI,53511,608-976-7199
Donte Kines,dkines@hotmail.com,2021,111111219,,Donte,Kines,3 Aspen St,Worcester,Worcester,MA,1602,508-429-8576
Tiffiny Steffensmeier,tiffiny_steffensmeier@cox.net,2021,111111220,,Tiffiny,Steffensmeier,32860 Sierra Rd,Miami,Miami-Dade,FL,33133,305-385-9695
Edna Miceli,emiceli@miceli.org,2021,111111221,,Edna,Miceli,555 Main St,Erie,Erie,PA,16502,814-460-2655
Sue Kownacki,sue@aol.com,2021,111111222,,Sue,Kownacki,2 Se 3rd Ave,Mesquite,Dallas,TX,75149,972-666-3413
Jesusa Shin,jshin@shin.com,2021,111111223,,Jesusa,Shin,2239 Shawnee Mission Pky,Tullahoma,Coffee,TN,37388,931-273-8709
Rolland Francescon,rolland@cox.net,2021,111111224,,Rolland,Francescon,2726 Charcot Ave,Paterson,Passaic,NJ,7501,973-649-2922
Pamella Schmierer,pamella.schmierer@schmierer.org,2021,111111225,,Pamella,Schmierer,5161 Dorsett Rd,Homestead,Miami-Dade,FL,33030,305-420-8970
Glory Kulzer,gkulzer@kulzer.org,2021,111111226,,Glory,Kulzer,55892 Jacksonville Rd,Owings Mills,Baltimore,MD,21117,410-224-9462
Shawna Palaspas,shawna_palaspas@palaspas.org,2021,111111227,,Shawna,Palaspas,5 N Cleveland Massillon Rd,Thousand Oaks,Ventura,CA,91362,805-275-3566
Brandon Callaro,brandon_callaro@hotmail.com,2021,111111228,,Brandon,Callaro,7 Benton Dr,Honolulu,Honolulu,HI,96819,808-215-6832
Scarlet Cartan,scarlet.cartan@yahoo.com,2021,111111229,,Scarlet,Cartan,9390 S Howell Ave,Albany,Dougherty,GA,31701,229-735-3378
Oretha Menter,oretha_menter@yahoo.com,2021,111111230,,Oretha,Menter,8 County Center Dr #647,Boston,Suffolk,MA,2210,617-418-5043
Ty Smith,tsmith@aol.com,2021,111111231,,Ty,Smith,4646 Kaahumanu St,Hackensack,Bergen,NJ,7601,201-672-1553
Xuan Rochin,xuan@gmail.com,2021,111111232,,Xuan,Rochin,2 Monroe St,San Mateo,San Mateo,CA,94403,650-933-5072
Lindsey Dilello,lindsey.dilello@hotmail.com,2021,111111233,,Lindsey,Dilello,52777 Leaders Heights Rd,Ontario,San Bernardino,CA,91761,909-639-9887
Devora Perez,devora_perez@perez.org,2021,111111234,,Devora,Perez,72868 Blackington Ave,Oakland,Alameda,CA,94606,510-955-3016
Herman Demesa,hdemesa@cox.net,2021,111111235,,Herman,Demesa,9 Norristown Rd,Troy,Rensselaer,NY,12180,518-497-2940
Rory Papasergi,rpapasergi@cox.net,2021,111111236,,Rory,Papasergi,83 County Road 437 #8581,Clarks Summit,Lackawanna,PA,18411,570-867-7489
Talia Riopelle,talia_riopelle@aol.com,2021,111111237,,Talia,Riopelle,1 N Harlem Ave #9,Orange,Essex,NJ,7050,973-245-2133
Van Shire,van.shire@shire.com,2021,111111238,,Van,Shire,90131 J St,Pittstown,Hunterdon,NJ,8867,908-409-2890
Lucina Lary,lucina_lary@cox.net,2021,111111239,,Lucina,Lary,8597 W National Ave,Cocoa,Brevard,FL,32922,321-749-4981
Bok Isaacs,bok.isaacs@aol.com,2021,111111240,,Bok,Isaacs,6 Gilson St,Bronx,Bronx,NY,10468,718-809-3762
Rolande Spickerman,rolande.spickerman@spickerman.com,2021,111111241,,Rolande,Spickerman,65 W Maple Ave,Pearl City,Honolulu,HI,96782,808-315-3077
Howard Paulas,hpaulas@gmail.com,2021,111111242,,Howard,Paulas,866 34th Ave,Denver,Denver,CO,80231,303-623-4241
Kimbery Madarang,kimbery_madarang@cox.net,2021,111111243,,Kimbery,Madarang,798 Lund Farm Way,Rockaway,Morris,NJ,7866,973-310-1634
Thurman Manno,thurman.manno@yahoo.com,2021,111111244,,Thurman,Manno,9387 Charcot Ave,Absecon,Atlantic,NJ,8201,609-524-3586
Becky Mirafuentes,becky.mirafuentes@mirafuentes.com,2021,111111245,,Becky,Mirafuentes,30553 Washington Rd,Plainfield,Union,NJ,7062,908-877-8409
Beatriz Corrington,beatriz@yahoo.com,2021,111111246,,Beatriz,Corrington,481 W Lemon St,Middleboro,Plymouth,MA,2346,508-584-4279
Marti Maybury,marti.maybury@yahoo.com,2021,111111247,,Marti,Maybury,4 Warehouse Point Rd #7,Chicago,Cook,IL,60638,773-775-4522
Nieves Gotter,nieves_gotter@gmail.com,2021,111111248,,Nieves,Gotter,4940 Pulaski Park Dr,Portland,Multnomah,OR,97202,503-527-5274
Leatha Hagele,lhagele@cox.net,2021,111111249,,Leatha,Hagele,627 Walford Ave,Dallas,Dallas,TX,75227,214-339-1809
Valentin Klimek,vklimek@klimek.org,2021,111111250,,Valentin,Klimek,137 Pioneer Way,Chicago,Cook,IL,60604,312-303-5453
Melissa Wiklund,melissa@cox.net,2021,111111251,,Melissa,Wiklund,61 13 Stoneridge #835,Findlay,Hancock,OH,45840,419-939-3613
Sheridan Zane,sheridan.zane@zane.com,2021,111111252,,Sheridan,Zane,2409 Alabama Rd,Riverside,Riverside,CA,92501,951-645-3605
Bulah Padilla,bulah_padilla@hotmail.com,2021,111111253,,Bulah,Padilla,8927 Vandever Ave,Waco,McLennan,TX,76707,254-463-4368
Audra Kohnert,audra@kohnert.com,2021,111111254,,Audra,Kohnert,134 Lewis Rd,Nashville,Davidson,TN,37211,615-406-7854
Daren Weirather,dweirather@aol.com,2021,111111255,,Daren,Weirather,9 N College Ave #3,Milwaukee,Milwaukee,WI,53216,414-959-2540
Fernanda Jillson,fjillson@aol.com,2021,111111256,,Fernanda,Jillson,60480 Old Us Highway 51,Preston,Caroline,MD,21655,410-387-5260
Gearldine Gellinger,gearldine_gellinger@gellinger.com,2021,111111257,,Gearldine,Gellinger,4 Bloomfield Ave,Irving,Dallas,TX,75061,972-934-6914
Chau Kitzman,chau@gmail.com,2021,111111258,,Chau,Kitzman,429 Tiger Ln,Beverly Hills,Los Angeles,CA,90212,310-560-8022
Theola Frey,theola_frey@frey.com,2021,111111259,,Theola,Frey,54169 N Main St,Massapequa,Nassau,NY,11758,516-948-5768
Cheryl Haroldson,cheryl@haroldson.org,2021,111111260,,Cheryl,Haroldson,92 Main St,Atlantic City,Atlantic,NJ,8401,609-518-7697
Laticia Merced,lmerced@gmail.com,2021,111111261,,Laticia,Merced,72 Mannix Dr,Cincinnati,Hamilton,OH,45203,513-508-7371
Carissa Batman,carissa.batman@yahoo.com,2021,111111262,,Carissa,Batman,12270 Caton Center Dr,Eugene,Lane,OR,97401,541-326-4074
Lezlie Craghead,lezlie.craghead@craghead.org,2021,111111263,,Lezlie,Craghead,749 W 18th St #45,Smithfield,Johnston,NC,27577,919-533-3762
Ozell Shealy,oshealy@hotmail.com,2021,111111264,,Ozell,Shealy,8 Industry Ln,New York,New York,NY,10002,212-332-8435
Arminda Parvis,arminda@parvis.com,2021,111111265,,Arminda,Parvis,1 Huntwood Ave,Phoenix,Maricopa,AZ,85017,602-906-9419
Reita Leto,reita.leto@gmail.com,2021,111111266,,Reita,Leto,55262 N French Rd,Indianapolis,Marion,IN,46240,317-234-1135
Yolando Luczki,yolando@cox.net,2021,111111267,,Yolando,Luczki,422 E 21st St,Syracuse,Onondaga,NY,13214,315-304-4759
Lizette Stem,lizette.stem@aol.com,2021,111111268,,Lizette,Stem,501 N 19th Ave,Cherry Hill,Camden,NJ,8002,856-487-5412
Gregoria Pawlowicz,gpawlowicz@yahoo.com,2021,111111269,,Gregoria,Pawlowicz,455 N Main Ave,Garden City,Nassau,NY,11530,516-212-1915
Carin Deleo,cdeleo@deleo.com,2021,111111270,,Carin,Deleo,1844 Southern Blvd,Little Rock,Pulaski,AR,72202,501-308-1040
Chantell Maynerich,chantell@yahoo.com,2021,111111271,,Chantell,Maynerich,2023 Greg St,Saint Paul,Ramsey,MN,55101,651-591-2583
Dierdre Yum,dyum@yahoo.com,2021,111111272,,Dierdre,Yum,63381 Jenks Ave,Philadelphia,Philadelphia,PA,19134,215-325-3042
Larae Gudroe,larae_gudroe@gmail.com,2021,111111273,,Larae,Gudroe,6651 Municipal Rd,Houma,Terrebonne,LA,70360,985-890-7262
Latrice Tolfree,latrice.tolfree@hotmail.com,2021,111111274,,Latrice,Tolfree,81 Norris Ave #525,Ronkonkoma,Suffolk,NY,11779,631-957-7624
Kerry Theodorov,kerry.theodorov@gmail.com,2021,111111275,,Kerry,Theodorov,6916 W Main St,Sacramento,Sacramento,CA,95827,916-591-3277
Dorthy Hidvegi,dhidvegi@yahoo.com,2021,111111276,,Dorthy,Hidvegi,9635 S Main St,Boise,Ada,ID,83704,208-649-2373
Fannie Lungren,fannie.lungren@yahoo.com,2021,111111277,,Fannie,Lungren,17 Us Highway 111,Round Rock,Williamson,TX,78664,512-587-5746
Evangelina Radde,evangelina@aol.com,2021,111111278,,Evangelina,Radde,992 Civic Center Dr,Philadelphia,Philadelphia,PA,19123,215-964-3284
Novella Degroot,novella_degroot@degroot.org,2021,111111279,,Novella,Degroot,303 N Radcliffe St,Hilo,Hawaii,HI,96720,808-477-4775
Clay Hoa,choa@hoa.org,2021,111111280,,Clay,Hoa,73 Saint Ann St #86,Reno,Washoe,NV,89502,775-501-8109
Jennifer Fallick,jfallick@yahoo.com,2021,111111281,,Jennifer,Fallick,44 58th St,Wheeling,Cook,IL,60090,847-979-9545
Irma Wolfgramm,irma.wolfgramm@hotmail.com,2021,111111282,,Irma,Wolfgramm,9745 W Main St,Randolph,Morris,NJ,7869,973-545-7355
Eun Coody,eun@yahoo.com,2021,111111283,,Eun,Coody,84 Bloomfield Ave,Spartanburg,Spartanburg,SC,29301,864-256-3620
Sylvia Cousey,sylvia_cousey@cousey.org,2021,111111284,,Sylvia,Cousey,287 Youngstown Warren Rd,Hampstead,Carroll,MD,21074,410-209-9545
Nana Wrinkles,nana@aol.com,2021,111111285,,Nana,Wrinkles,6 Van Buren St,Mount Vernon,Westchester,NY,10553,914-855-2115
Layla Springe,layla.springe@cox.net,2021,111111286,,Layla,Springe,229 N Forty Driv,New York,New York,NY,10011,212-260-3151
Joesph Degonia,joesph_degonia@degonia.org,2021,111111287,,Joesph,Degonia,2887 Knowlton St #5435,Berkeley,Alameda,CA,94710,510-677-9785
Annabelle Boord,annabelle.boord@cox.net,2021,111111288,,Annabelle,Boord,523 Marquette Ave,Concord,Middlesex,MA,1742,978-697-6263
Stephaine Vinning,stephaine@cox.net,2021,111111289,,Stephaine,Vinning,3717 Hamann Industrial Pky,San Francisco,San Francisco,CA,94104,415-767-6596
Nelida Sawchuk,nelida@gmail.com,2021,111111290,,Nelida,Sawchuk,3 State Route 35 S,Paramus,Bergen,NJ,7652,201-971-1638
Marguerita Hiatt,marguerita.hiatt@gmail.com,2021,111111291,,Marguerita,Hiatt,82 N Highway 67,Oakley,Contra Costa,CA,94561,925-634-7158
Carmela Cookey,ccookey@cookey.org,2021,111111292,,Carmela,Cookey,9 Murfreesboro Rd,Chicago,Cook,IL,60623,773-494-4195
Junita Brideau,jbrideau@aol.com,2021,111111293,,Junita,Brideau,6 S Broadway St,Cedar Grove,Essex,NJ,7009,973-943-3423
Claribel Varriano,claribel_varriano@cox.net,2021,111111294,,Claribel,Varriano,6 Harry L Dr #6327,Perrysburg,Wood,OH,43551,419-544-4900
Benton Skursky,benton.skursky@aol.com,2021,111111295,,Benton,Skursky,47939 Porter Ave,Gardena,Los Angeles,CA,90248,310-579-2907
Hillary Skulski,hillary.skulski@aol.com,2021,111111296,,Hillary,Skulski,9 Wales Rd Ne #914,Homosassa,Citrus,FL,34448,352-242-2570
Merilyn Bayless,merilyn_bayless@cox.net,2021,111111297,,Merilyn,Bayless,195 13n N,Santa Clara,Santa Clara,CA,95054,408-758-5015
Teri Ennaco,tennaco@gmail.com,2021,111111298,,Teri,Ennaco,99 Tank Farm Rd,Hazleton,Luzerne,PA,18201,570-889-5187
Merlyn Lawler,merlyn_lawler@hotmail.com,2021,111111299,,Merlyn,Lawler,4671 Alemany Blvd,Jersey City,Hudson,NJ,7304,201-588-7810
Georgene Montezuma,gmontezuma@cox.net,2021,111111300,,Georgene,Montezuma,98 University Dr,San Ramon,Contra Costa,CA,94583,925-615-5185
Jettie Mconnell,jmconnell@hotmail.com,2021,111111301,,Jettie,Mconnell,50 E Wacker Dr,Bridgewater,Somerset,NJ,8807,908-802-3564
Lemuel Latzke,lemuel.latzke@gmail.com,2021,111111302,,Lemuel,Latzke,70 Euclid Ave #722,Bohemia,Suffolk,NY,11716,631-748-6479
Melodie Knipp,mknipp@gmail.com,2021,111111303,,Melodie,Knipp,326 E Main St #6496,Thousand Oaks,Ventura,CA,91362,805-690-1682
Candida Corbley,candida_corbley@hotmail.com,2021,111111304,,Candida,Corbley,406 Main St,Somerville,Somerset,NJ,8876,908-275-8357
Karan Karpin,karan_karpin@gmail.com,2021,111111305,,Karan,Karpin,3 Elmwood Dr,Beaverton,Washington,OR,97005,503-940-8327
Andra Scheyer,andra@gmail.com,2021,111111306,,Andra,Scheyer,9 Church St,Salem,Marion,OR,97302,503-516-2189
Felicidad Poullion,fpoullion@poullion.com,2021,111111307,,Felicidad,Poullion,9939 N 14th St,Riverton,Burlington,NJ,8077,856-305-9731
Belen Strassner,belen_strassner@aol.com,2021,111111308,,Belen,Strassner,5384 Southwyck Blvd,Douglasville,Douglas,GA,30135,770-507-8791
Gracia Melnyk,gracia@melnyk.com,2021,111111309,,Gracia,Melnyk,97 Airport Loop Dr,Jacksonville,Duval,FL,32216,904-235-3633
Jolanda Hanafan,jhanafan@gmail.com,2021,111111310,,Jolanda,Hanafan,37855 Nolan Rd,Bangor,Penobscot,ME,4401,207-458-9196
Barrett Toyama,barrett.toyama@toyama.org,2021,111111311,,Barrett,Toyama,4252 N Washington Ave #9,Kennedale,Tarrant,TX,76060,817-765-5781
Helga Fredicks,helga_fredicks@yahoo.com,2021,111111312,,Helga,Fredicks,42754 S Ash Ave,Buffalo,Erie,NY,14228,716-752-4114
Ashlyn Pinilla,apinilla@cox.net,2021,111111313,,Ashlyn,Pinilla,703 Beville Rd,Opa Locka,Miami-Dade,FL,33054,305-670-9628
Fausto Agramonte,fausto_agramonte@yahoo.com,2021,111111314,,Fausto,Agramonte,5 Harrison Rd,New York,New York,NY,10038,212-313-1783
Ronny Caiafa,ronny.caiafa@caiafa.org,2021,111111315,,Ronny,Caiafa,73 Southern Blvd,Philadelphia,Philadelphia,PA,19103,215-605-7570
Marge Limmel,marge@gmail.com,2021,111111316,,Marge,Limmel,189 Village Park Rd,Crestview,Okaloosa,FL,32536,850-430-1663
Norah Waymire,norah.waymire@gmail.com,2021,111111317,,Norah,Waymire,6 Middlegate Rd #106,San Francisco,San Francisco,CA,94107,415-306-7897
Aliza Baltimore,aliza@aol.com,2021,111111318,,Aliza,Baltimore,1128 Delaware St,San Jose,Santa Clara,CA,95132,408-504-3552
Mozell Pelkowski,mpelkowski@pelkowski.org,2021,111111319,,Mozell,Pelkowski,577 Parade St,South San Francisco,San Mateo,CA,94080,650-947-1215
Viola Bitsuie,viola@gmail.com,2021,111111320,,Viola,Bitsuie,70 Mechanic St,Northridge,Los Angeles,CA,91325,818-864-4875
Franklyn Emard,femard@emard.com,2021,111111321,,Franklyn,Emard,4379 Highway 116,Philadelphia,Philadelphia,PA,19103,215-558-8189
Willodean Konopacki,willodean_konopacki@konopacki.org,2021,111111322,,Willodean,Konopacki,55 Hawthorne Blvd,Lafayette,Lafayette,LA,70506,337-253-8384
Beckie Silvestrini,beckie.silvestrini@silvestrini.com,2021,111111323,,Beckie,Silvestrini,7116 Western Ave,Dearborn,Wayne,MI,48126,313-533-4884
Rebecka Gesick,rgesick@gesick.org,2021,111111324,,Rebecka,Gesick,2026 N Plankinton Ave #3,Austin,Travis,TX,78754,512-213-8574
Frederica Blunk,frederica_blunk@gmail.com,2021,111111325,,Frederica,Blunk,99586 Main St,Dallas,Dallas,TX,75207,214-428-2285
Glen Bartolet,glen_bartolet@hotmail.com,2021,111111326,,Glen,Bartolet,8739 Hudson St,Vashon,King,WA,98070,206-697-5796
Freeman Gochal,freeman_gochal@aol.com,2021,111111327,,Freeman,Gochal,383 Gunderman Rd #197,Coatesville,Chester,PA,19320,610-476-3501
Vincent Meinerding,vincent.meinerding@hotmail.com,2021,111111328,,Vincent,Meinerding,4441 Point Term Mkt,Philadelphia,Philadelphia,PA,19143,215-372-1718
Rima Bevelacqua,rima@cox.net,2021,111111329,,Rima,Bevelacqua,2972 Lafayette Ave,Gardena,Los Angeles,CA,90248,310-858-5079
Glendora Sarbacher,gsarbacher@gmail.com,2021,111111330,,Glendora,Sarbacher,2140 Diamond Blvd,Rohnert Park,Sonoma,CA,94928,707-653-8214
Avery Steier,avery@cox.net,2021,111111331,,Avery,Steier,93 Redmond Rd #492,Orlando,Orange,FL,32803,407-808-9439
Cristy Lother,cristy@lother.com,2021,111111332,,Cristy,Lother,3989 Portage Tr,Escondido,San Diego,CA,92025,760-971-4322
Nicolette Brossart,nicolette_brossart@brossart.com,2021,111111333,,Nicolette,Brossart,1 Midway Rd,Westborough,Worcester,MA,1581,508-837-9230
Tracey Modzelewski,tracey@hotmail.com,2021,111111334,,Tracey,Modzelewski,77132 Coon Rapids Blvd Nw,Conroe,Montgomery,TX,77301,936-264-9294
Virgina Tegarden,virgina_tegarden@tegarden.com,2021,111111335,,Virgina,Tegarden,755 Harbor Way,Milwaukee,Milwaukee,WI,53226,414-214-8697
Tiera Frankel,tfrankel@aol.com,2021,111111336,,Tiera,Frankel,87 Sierra Rd,El Monte,Los Angeles,CA,91731,626-636-4117
Alaine Bergesen,alaine_bergesen@cox.net,2021,111111337,,Alaine,Bergesen,7667 S Hulen St #42,Yonkers,Westchester,NY,10701,914-300-9193
Earleen Mai,earleen_mai@cox.net,2021,111111338,,Earleen,Mai,75684 S Withlapopka Dr #32,Dallas,Dallas,TX,75227,214-289-1973
Leonida Gobern,leonida@gobern.org,2021,111111339,,Leonida,Gobern,5 Elmwood Park Blvd,Biloxi,Harrison,MS,39530,228-235-5615
Ressie Auffrey,ressie.auffrey@yahoo.com,2021,111111340,,Ressie,Auffrey,23 Palo Alto Sq,Miami,Miami-Dade,FL,33134,305-604-8981
Justine Mugnolo,jmugnolo@yahoo.com,2021,111111341,,Justine,Mugnolo,38062 E Main St,New York,New York,NY,10048,212-304-9225
Eladia Saulter,eladia@saulter.com,2021,111111342,,Eladia,Saulter,3958 S Dupont Hwy #7,Ramsey,Bergen,NJ,7446,201-474-4924
Chaya Malvin,chaya@malvin.com,2021,111111343,,Chaya,Malvin,560 Civic Center Dr,Ann Arbor,Washtenaw,MI,48103,734-928-5182
Gwenn Suffield,gwenn_suffield@suffield.org,2021,111111344,,Gwenn,Suffield,3270 Dequindre Rd,Deer Park,Suffolk,NY,11729,631-258-6558
Salena Karpel,skarpel@cox.net,2021,111111345,,Salena,Karpel,1 Garfield Ave #7,Canton,Stark,OH,44707,330-791-8557
Yoko Fishburne,yoko@fishburne.com,2021,111111346,,Yoko,Fishburne,9122 Carpenter Ave,New Haven,New Haven,CT,6511,203-506-4706
Taryn Moyd,taryn.moyd@hotmail.com,2021,111111347,,Taryn,Moyd,48 Lenox St,Fairfax,Fairfax City,VA,22030,703-322-4041
Katina Polidori,katina_polidori@aol.com,2021,111111348,,Katina,Polidori,5 Little River Tpke,Wilmington,Middlesex,MA,1887,978-626-2978
Rickie Plumer,rickie.plumer@aol.com,2021,111111349,,Rickie,Plumer,3 N Groesbeck Hwy,Toledo,Lucas,OH,43613,419-693-1334
Alex Loader,alex@loader.com,2021,111111350,,Alex,Loader,37 N Elm St #916,Tacoma,Pierce,WA,98409,253-660-7821
Lashon Vizarro,lashon@aol.com,2021,111111351,,Lashon,Vizarro,433 Westminster Blvd #590,Roseville,Placer,CA,95661,916-741-7884
Lauran Burnard,lburnard@burnard.com,2021,111111352,,Lauran,Burnard,66697 Park Pl #3224,Riverton,Fremont,WY,82501,307-342-7795
Ceola Setter,ceola.setter@setter.org,2021,111111353,,Ceola,Setter,96263 Greenwood Pl,Warren,Knox,ME,4864,207-627-7565
My Rantanen,my@hotmail.com,2021,111111354,,My,Rantanen,8 Mcarthur Ln,Richboro,Bucks,PA,18954,215-491-5633
Lorrine Worlds,lorrine.worlds@worlds.com,2021,111111355,,Lorrine,Worlds,8 Fair Lawn Ave,Tampa,Hillsborough,FL,33614,813-769-2939
Peggie Sturiale,peggie@cox.net,2021,111111356,,Peggie,Sturiale,9 N 14th St,El Cajon,San Diego,CA,92020,619-608-1763
Marvel Raymo,mraymo@yahoo.com,2021,111111357,,Marvel,Raymo,9 Vanowen St,College Station,Brazos,TX,77840,979-718-8968
Daron Dinos,daron_dinos@cox.net,2021,111111358,,Daron,Dinos,18 Waterloo Geneva Rd,Highland Park,Lake,IL,60035,847-233-3075
An Fritz,an_fritz@hotmail.com,2021,111111359,,An,Fritz,506 S Hacienda Dr,Atlantic City,Atlantic,NJ,8401,609-228-5265
Portia Stimmel,portia.stimmel@aol.com,2022,111111360,,Portia,Stimmel,3732 Sherman Ave,Bridgewater,Somerset,NJ,8807,908-722-7128
Rhea Aredondo,rhea_aredondo@cox.net,2022,111111361,,Rhea,Aredondo,25657 Live Oak St,Brooklyn,Kings,NY,11226,718-560-9537
Benedict Sama,bsama@cox.net,2022,111111362,,Benedict,Sama,4923 Carey Ave,Saint Louis,Saint Louis City,MO,63104,314-787-1588
Alyce Arias,alyce@arias.org,2022,111111363,,Alyce,Arias,3196 S Rider Trl,Stockton,San Joaquin,CA,95207,209-317-1801
Heike Berganza,heike@gmail.com,2022,111111364,,Heike,Berganza,3 Railway Ave #75,Little Falls,Passaic,NJ,7424,973-936-5095
Carey Dopico,carey_dopico@dopico.org,2022,111111365,,Carey,Dopico,87393 E Highland Rd,Indianapolis,Marion,IN,46220,317-578-2453
Dottie Hellickson,dottie@hellickson.org,2022,111111366,,Dottie,Hellickson,67 E Chestnut Hill Rd,Seattle,King,WA,98133,206-540-6076
Deandrea Hughey,deandrea@yahoo.com,2022,111111367,,Deandrea,Hughey,33 Lewis Rd #46,Burlington,Alamance,NC,27215,336-822-7652
Kimberlie Duenas,kimberlie_duenas@yahoo.com,2022,111111368,,Kimberlie,Duenas,8100 Jacksonville Rd #7,Hays,Ellis,KS,67601,785-629-8542
Martina Staback,martina_staback@staback.com,2022,111111369,,Martina,Staback,7 W Wabansia Ave #227,Orlando,Orange,FL,32822,407-471-6908
Skye Fillingim,skye_fillingim@yahoo.com,2022,111111370,,Skye,Fillingim,25 Minters Chapel Rd #9,Minneapolis,Hennepin,MN,55401,612-508-2655
Jade Farrar,jade.farrar@yahoo.com,2022,111111371,,Jade,Farrar,6882 Torresdale Ave,Columbia,Richland,SC,29201,803-352-5387
Charlene Hamilton,charlene.hamilton@hotmail.com,2022,111111372,,Charlene,Hamilton,985 E 6th Ave,Santa Rosa,Sonoma,CA,95407,707-300-1771
Geoffrey Acey,geoffrey@gmail.com,2022,111111373,,Geoffrey,Acey,7 West Ave #1,Palatine,Cook,IL,60067,847-222-1734
Stevie Westerbeck,stevie.westerbeck@yahoo.com,2022,111111374,,Stevie,Westerbeck,26659 N 13th St,Costa Mesa,Orange,CA,92626,949-867-4077
Pamella Fortino,pamella@fortino.com,2022,111111375,,Pamella,Fortino,669 Packerland Dr #1438,Denver,Denver,CO,80212,303-404-2210
Harrison Haufler,hhaufler@hotmail.com,2022,111111376,,Harrison,Haufler,759 Eldora St,New Haven,New Haven,CT,6515,203-801-6193
Johnna Engelberg,jengelberg@engelberg.org,2022,111111377,,Johnna,Engelberg,5 S Colorado Blvd #449,Bothell,Snohomish,WA,98021,425-986-7573
Buddy Cloney,buddy.cloney@yahoo.com,2022,111111378,,Buddy,Cloney,944 Gaither Dr,Strongsville,Cuyahoga,OH,44136,440-989-5826
Dalene Riden,dalene.riden@aol.com,2022,111111379,,Dalene,Riden,66552 Malone Rd,Plaistow,Rockingham,NH,3865,603-315-6839
Jerry Zurcher,jzurcher@zurcher.org,2022,111111380,,Jerry,Zurcher,77 Massillon Rd #822,Satellite Beach,Brevard,FL,32937,321-518-5938
Haydee Denooyer,hdenooyer@denooyer.org,2022,111111381,,Haydee,Denooyer,25346 New Rd,New York,New York,NY,10016,212-792-8658
Joseph Cryer,joseph_cryer@cox.net,2022,111111382,,Joseph,Cryer,60 Fillmore Ave,Huntington Beach,Orange,CA,92647,714-584-2237
Deonna Kippley,deonna_kippley@hotmail.com,2022,111111383,,Deonna,Kippley,57 Haven Ave #90,Southfield,Oakland,MI,48075,248-913-4677
Raymon Calvaresi,raymon.calvaresi@gmail.com,2022,111111384,,Raymon,Calvaresi,6538 E Pomona St #60,Indianapolis,Marion,IN,46222,317-825-4724
Alecia Bubash,alecia@aol.com,2022,111111385,,Alecia,Bubash,6535 Joyce St,Wichita Falls,Wichita,TX,76301,940-276-7922
Ma Layous,mlayous@hotmail.com,2022,111111386,,Ma,Layous,78112 Morris Ave,North Haven,New Haven,CT,6473,203-721-3388
Detra Coyier,detra@aol.com,2022,111111387,,Detra,Coyier,96950 Hidden Ln,Aberdeen,Harford,MD,21001,410-739-9277
Terrilyn Rodeigues,terrilyn.rodeigues@cox.net,2022,111111388,,Terrilyn,Rodeigues,3718 S Main St,New Orleans,Orleans,LA,70130,504-463-4384
Salome Lacovara,slacovara@gmail.com,2022,111111389,,Salome,Lacovara,9677 Commerce Dr,Richmond,Richmond City,VA,23219,804-550-5097
Garry Keetch,garry_keetch@hotmail.com,2022,111111390,,Garry,Keetch,5 Green Pond Rd #4,Southampton,Bucks,PA,18966,215-979-8776
Matthew Neither,mneither@yahoo.com,2022,111111391,,Matthew,Neither,636 Commerce Dr #42,Shakopee,Scott,MN,55379,952-651-7597
Theodora Restrepo,theodora.restrepo@restrepo.com,2022,111111392,,Theodora,Restrepo,42744 Hamann Industrial Pky #82,Miami,Miami-Dade,FL,33136,305-936-8226
Noah Kalafatis,noah.kalafatis@aol.com,2022,111111393,,Noah,Kalafatis,1950 5th Ave,Milwaukee,Milwaukee,WI,53209,414-263-5287
Carmen Sweigard,csweigard@sweigard.com,2022,111111394,,Carmen,Sweigard,61304 N French Rd,Somerset,Somerset,NJ,8873,732-941-2621
Lavonda Hengel,lavonda@cox.net,2022,111111395,,Lavonda,Hengel,87 Imperial Ct #79,Fargo,Cass,ND,58102,701-898-2154
Junita Stoltzman,junita@aol.com,2022,111111396,,Junita,Stoltzman,94 W Dodge Rd,Carson City,Carson City,NV,89701,775-638-9963
Herminia Nicolozakes,herminia@nicolozakes.org,2022,111111397,,Herminia,Nicolozakes,4 58th St #3519,Scottsdale,Maricopa,AZ,85254,602-954-5141
Casie Good,casie.good@aol.com,2022,111111398,,Casie,Good,5221 Bear Valley Rd,Nashville,Davidson,TN,37211,615-390-2251
Reena Maisto,reena@hotmail.com,2022,111111399,,Reena,Maisto,9648 S Main,Salisbury,Wicomico,MD,21801,410-351-1863
Mirta Mallett,mirta_mallett@gmail.com,2022,111111400,,Mirta,Mallett,7 S San Marcos Rd,New York,New York,NY,10004,212-870-1286
Cathrine Pontoriero,cathrine.pontoriero@pontoriero.com,2022,111111401,,Cathrine,Pontoriero,812 S Haven St,Amarillo,Randall,TX,79109,806-703-1435
Filiberto Tawil,ftawil@hotmail.com,2022,111111402,,Filiberto,Tawil,3882 W Congress St #799,Los Angeles,Los Angeles,CA,90016,323-765-2528
Raul Upthegrove,rupthegrove@yahoo.com,2022,111111403,,Raul,Upthegrove,4 E Colonial Dr,La Mesa,San Diego,CA,91942,619-509-5282
Sarah Candlish,sarah.candlish@gmail.com,2022,111111404,,Sarah,Candlish,45 2nd Ave #9759,Atlanta,Fulton,GA,30328,770-732-1194
Lucy Treston,lucy@cox.net,2022,111111405,,Lucy,Treston,57254 Brickell Ave #372,Worcester,Worcester,MA,1602,508-769-5250
Judy Aquas,jaquas@aquas.com,2022,111111406,,Judy,Aquas,8977 Connecticut Ave Nw #3,Niles,Berrien,MI,49120,269-756-7222
Yvonne Tjepkema,yvonne.tjepkema@hotmail.com,2022,111111407,,Yvonne,Tjepkema,9 Waydell St,Fairfield,Essex,NJ,7004,973-714-1721
Kayleigh Lace,kayleigh.lace@yahoo.com,2022,111111408,,Kayleigh,Lace,43 Huey P Long Ave,Lafayette,Lafayette,LA,70508,337-740-9323
Felix Hirpara,felix_hirpara@cox.net,2022,111111409,,Felix,Hirpara,7563 Cornwall Rd #4462,Denver,Lancaster,PA,17517,717-491-5643
Tresa Sweely,tresa_sweely@hotmail.com,2022,111111410,,Tresa,Sweely,22 Bridle Ln,Valley Park,Saint Louis,MO,63088,314-359-9566
Kristeen Turinetti,kristeen@gmail.com,2022,111111411,,Kristeen,Turinetti,70099 E North Ave,Arlington,Tarrant,TX,76013,817-213-8851
Jenelle Regusters,jregusters@regusters.com,2022,111111412,,Jenelle,Regusters,3211 E Northeast Loop,Tampa,Hillsborough,FL,33619,813-932-8715
Renea Monterrubio,renea@hotmail.com,2022,111111413,,Renea,Monterrubio,26 Montgomery St,Atlanta,Fulton,GA,30328,770-679-4752
Olive Matuszak,olive@aol.com,2022,111111414,,Olive,Matuszak,13252 Lighthouse Ave,Cathedral City,Riverside,CA,92234,760-938-6069
Ligia Reiber,lreiber@cox.net,2022,111111415,,Ligia,Reiber,206 Main St #2804,Lansing,Ingham,MI,48933,517-906-1108
Christiane Eschberger,christiane.eschberger@yahoo.com,2022,111111416,,Christiane,Eschberger,96541 W Central Blvd,Phoenix,Maricopa,AZ,85034,602-390-4944
Goldie Schirpke,goldie.schirpke@yahoo.com,2022,111111417,,Goldie,Schirpke,34 Saint George Ave #2,Bangor,Penobscot,ME,4401,207-295-7569
Loreta Timenez,loreta.timenez@hotmail.com,2022,111111418,,Loreta,Timenez,47857 Coney Island Ave,Clinton,Prince Georges,MD,20735,301-696-6420
Fabiola Hauenstein,fabiola.hauenstein@hauenstein.org,2022,111111419,,Fabiola,Hauenstein,8573 Lincoln Blvd,York,York,PA,17404,717-809-3119
Amie Perigo,amie.perigo@yahoo.com,2022,111111420,,Amie,Perigo,596 Santa Maria Ave #7913,Mesquite,Dallas,TX,75150,972-419-7946
Raina Brachle,raina.brachle@brachle.org,2022,111111421,,Raina,Brachle,3829 Ventura Blvd,Butte,Silver Bow,MT,59701,406-318-1515
Erinn Canlas,erinn.canlas@canlas.com,2022,111111422,,Erinn,Canlas,13 S Hacienda Dr,Livingston,Essex,NJ,7039,973-767-3008
Cherry Lietz,cherry@lietz.com,2022,111111423,,Cherry,Lietz,40 9th Ave Sw #91,Waterford,Oakland,MI,48329,248-980-6904
Kattie Vonasek,kattie@vonasek.org,2022,111111424,,Kattie,Vonasek,2845 Boulder Crescent St,Cleveland,Cuyahoga,OH,44103,216-923-3715
Lilli Scriven,lilli@aol.com,2022,111111425,,Lilli,Scriven,33 State St,Abilene,Taylor,TX,79601,325-631-1560
Whitley Tomasulo,whitley.tomasulo@aol.com,2022,111111426,,Whitley,Tomasulo,2 S 15th St,Fort Worth,Tarrant,TX,76107,817-526-4408
Barbra Adkin,badkin@hotmail.com,2022,111111427,,Barbra,Adkin,4 Kohler Memorial Dr,Brooklyn,Kings,NY,11230,718-201-3751
Hermila Thyberg,hermila_thyberg@hotmail.com,2022,111111428,,Hermila,Thyberg,1 Rancho Del Mar Shopping C,Providence,Providence,RI,2903,401-893-4882
Jesusita Flister,jesusita.flister@hotmail.com,2022,111111429,,Jesusita,Flister,3943 N Highland Ave,Lancaster,Lancaster,PA,17601,717-885-9118
Caitlin Julia,caitlin.julia@julia.org,2022,111111430,,Caitlin,Julia,5 Williams St,Johnston,Providence,RI,2919,401-948-4982
Roosevelt Hoffis,roosevelt.hoffis@aol.com,2022,111111431,,Roosevelt,Hoffis,60 Old Dover Rd,Hialeah,Miami-Dade,FL,33014,305-622-4739
Helaine Halter,hhalter@yahoo.com,2022,111111432,,Helaine,Halter,8 Sheridan Rd,Jersey City,Hudson,NJ,7304,201-832-4168
Lorean Martabano,lorean.martabano@hotmail.com,2022,111111433,,Lorean,Martabano,85092 Southern Blvd,San Antonio,Bexar,TX,78204,210-856-4979
France Buzick,france.buzick@yahoo.com,2022,111111434,,France,Buzick,64 Newman Springs Rd E,Brooklyn,Kings,NY,11219,718-478-8504
Justine Ferrario,jferrario@hotmail.com,2022,111111435,,Justine,Ferrario,48 Stratford Ave,Pomona,Los Angeles,CA,91768,909-993-3242
Adelina Nabours,adelina_nabours@gmail.com,2022,111111436,,Adelina,Nabours,80 Pittsford Victor Rd #9,Cleveland,Cuyahoga,OH,44103,216-230-4892
Derick Dhamer,ddhamer@cox.net,2022,111111437,,Derick,Dhamer,87163 N Main Ave,New York,New York,NY,10013,212-304-4515
Jerry Dallen,jerry.dallen@yahoo.com,2022,111111438,,Jerry,Dallen,393 Lafayette Ave,Richmond,Richmond City,VA,23219,804-762-9576
Leota Ragel,leota.ragel@gmail.com,2022,111111439,,Leota,Ragel,99 5th Ave #33,Trion,Chattooga,GA,30753,706-221-4243
Jutta Amyot,jamyot@hotmail.com,2022,111111440,,Jutta,Amyot,49 N Mays St,Broussard,Lafayette,LA,70518,337-515-1438
Aja Gehrett,aja_gehrett@hotmail.com,2022,111111441,,Aja,Gehrett,993 Washington Ave,Nutley,Essex,NJ,7110,973-544-2677
Kirk Herritt,kirk.herritt@aol.com,2022,111111442,,Kirk,Herritt,88 15th Ave Ne,Vestal,Broome,NY,13850,607-407-3716
Leonora Mauson,leonora@yahoo.com,2022,111111443,,Leonora,Mauson,3381 E 40th Ave,Passaic,Passaic,NJ,7055,973-412-2995
Winfred Brucato,winfred_brucato@hotmail.com,2022,111111444,,Winfred,Brucato,201 Ridgewood Rd,Moscow,Latah,ID,83843,208-252-4552
Tarra Nachor,tarra.nachor@cox.net,2022,111111445,,Tarra,Nachor,39 Moccasin Dr,San Francisco,San Francisco,CA,94104,415-411-1775
Corinne Loder,corinne@loder.org,2022,111111446,,Corinne,Loder,4 Carroll St,North Attleboro,Bristol,MA,2760,508-942-4186
Dulce Labreche,dulce_labreche@yahoo.com,2022,111111447,,Dulce,Labreche,9581 E Arapahoe Rd,Rochester,Oakland,MI,48307,248-357-8718
Kate Keneipp,kate_keneipp@yahoo.com,2022,111111448,,Kate,Keneipp,33 N Michigan Ave,Green Bay,Brown,WI,54301,920-353-6377
Kaitlyn Ogg,kaitlyn.ogg@gmail.com,2022,111111449,,Kaitlyn,Ogg,2 S Biscayne Blvd,Baltimore,Baltimore City,MD,21230,410-665-4903
Sherita Saras,sherita.saras@cox.net,2022,111111450,,Sherita,Saras,8 Us Highway 22,Colorado Springs,El Paso,CO,80937,719-669-1664
Lashawnda Stuer,lstuer@cox.net,2022,111111451,,Lashawnda,Stuer,7422 Martin Ave #8,Toledo,Lucas,OH,43607,419-588-8719
Ernest Syrop,ernest@cox.net,2022,111111452,,Ernest,Syrop,94 Chase Rd,Hyattsville,Prince Georges,MD,20785,301-998-9644
Nobuko Halsey,nobuko.halsey@yahoo.com,2022,111111453,,Nobuko,Halsey,8139 I Hwy 10 #92,New Bedford,Bristol,MA,2745,508-855-9887
Lavonna Wolny,lavonna.wolny@hotmail.com,2022,111111454,,Lavonna,Wolny,5 Cabot Rd,Mc Lean,Fairfax,VA,22102,703-483-1970
Lashaunda Lizama,llizama@cox.net,2022,111111455,,Lashaunda,Lizama,3387 Ryan Dr,Hanover,Anne Arundel,MD,21076,410-678-2473
Mariann Bilden,mariann.bilden@aol.com,2022,111111456,,Mariann,Bilden,3125 Packer Ave #9851,Austin,Travis,TX,78753,512-223-4791
Helene Rodenberger,helene@aol.com,2022,111111457,,Helene,Rodenberger,347 Chestnut St,Peoria,Maricopa,AZ,85381,623-461-8551
Roselle Estell,roselle.estell@hotmail.com,2022,111111458,,Roselle,Estell,8116 Mount Vernon Ave,Bucyrus,Crawford,OH,44820,419-571-5920
Samira Heintzman,sheintzman@hotmail.com,2022,111111459,,Samira,Heintzman,8772 Old County Rd #5410,Kent,King,WA,98032,206-311-4137
Margart Meisel,margart_meisel@yahoo.com,2022,111111460,,Margart,Meisel,868 State St #38,Cincinnati,Hamilton,OH,45251,513-617-2362
Kristofer Bennick,kristofer.bennick@yahoo.com,2022,111111461,,Kristofer,Bennick,772 W River Dr,Bloomington,Monroe,IN,47404,812-368-1511
Weldon Acuff,wacuff@gmail.com,2022,111111462,,Weldon,Acuff,73 W Barstow Ave,Arlington Heights,Cook,IL,60004,847-353-2156
Shalon Shadrick,shalon@cox.net,2022,111111463,,Shalon,Shadrick,61047 Mayfield Ave,Brooklyn,Kings,NY,11223,718-232-2337
Denise Patak,denise@patak.org,2022,111111464,,Denise,Patak,2139 Santa Rosa Ave,Orlando,Orange,FL,32801,407-446-4358
Louvenia Beech,louvenia.beech@beech.com,2022,111111465,,Louvenia,Beech,598 43rd St,Beverly Hills,Los Angeles,CA,90210,310-820-2117
Audry Yaw,audry.yaw@yaw.org,2022,111111466,,Audry,Yaw,70295 Pioneer Ct,Brandon,Hillsborough,FL,33511,813-797-4816
Kristel Ehmann,kristel.ehmann@aol.com,2022,111111467,,Kristel,Ehmann,92899 Kalakaua Ave,El Paso,El Paso,TX,79925,915-452-1290
Vincenza Zepp,vzepp@gmail.com,2022,111111468,,Vincenza,Zepp,395 S 6th St #2,El Cajon,San Diego,CA,92020,619-603-5125
Elouise Gwalthney,egwalthney@yahoo.com,2022,111111469,,Elouise,Gwalthney,9506 Edgemore Ave,Bladensburg,Prince Georges,MD,20710,301-841-5012
Venita Maillard,venita_maillard@gmail.com,2022,111111470,,Venita,Maillard,72119 S Walker Ave #63,Anaheim,Orange,CA,92801,714-523-6653
Kasandra Semidey,kasandra_semidey@semidey.com,2022,111111471,,Kasandra,Semidey,369 Latham St #500,Saint Louis,Saint Louis City,MO,63102,314-732-9131
Xochitl Discipio,xdiscipio@gmail.com,2022,111111472,,Xochitl,Discipio,3158 Runamuck Pl,Round Rock,Williamson,TX,78664,512-233-1831
Maile Linahan,mlinahan@yahoo.com,2022,111111473,,Maile,Linahan,9 Plainsboro Rd #598,Greensboro,Guilford,NC,27409,336-670-2640
Krissy Rauser,krauser@cox.net,2022,111111474,,Krissy,Rauser,8728 S Broad St,Coram,Suffolk,NY,11727,631-443-4710
Pete Dubaldi,pdubaldi@hotmail.com,2022,111111475,,Pete,Dubaldi,2215 Prosperity Dr,Lyndhurst,Bergen,NJ,7071,201-825-2514
Linn Paa,linn_paa@paa.com,2022,111111476,,Linn,Paa,1 S Pine St,Memphis,Shelby,TN,38112,901-412-4381
Paris Wide,paris@hotmail.com,2022,111111477,,Paris,Wide,187 Market St,Atlanta,Fulton,GA,30342,404-505-4445
Wynell Dorshorst,wynell_dorshorst@dorshorst.org,2022,111111478,,Wynell,Dorshorst,94290 S Buchanan St,Pacifica,San Mateo,CA,94044,650-473-1262
Quentin Birkner,qbirkner@aol.com,2022,111111479,,Quentin,Birkner,7061 N 2nd St,Burnsville,Dakota,MN,55337,952-702-7993
Regenia Kannady,regenia.kannady@cox.net,2022,111111480,,Regenia,Kannady,10759 Main St,Scottsdale,Maricopa,AZ,85260,480-726-1280
Sheron Louissant,sheron@aol.com,2022,111111481,,Sheron,Louissant,97 E 3rd St #9,Long Island City,Queens,NY,11101,718-976-8610
Izetta Funnell,izetta.funnell@hotmail.com,2022,111111482,,Izetta,Funnell,82 Winsor St #54,Atlanta,Dekalb,GA,30340,770-844-3447
Rodolfo Butzen,rodolfo@hotmail.com,2022,111111483,,Rodolfo,Butzen,41 Steel Ct,Northfield,Rice,MN,55057,507-210-3510
Zona Colla,zona@hotmail.com,2022,111111484,,Zona,Colla,49440 Dearborn St,Norwalk,Fairfield,CT,6854,203-461-1949
Serina Zagen,szagen@aol.com,2022,111111485,,Serina,Zagen,7 S Beverly Dr,Fort Wayne,Allen,IN,46802,260-273-3725
Paz Sahagun,paz_sahagun@cox.net,2022,111111486,,Paz,Sahagun,919 Wall Blvd,Meridian,Lauderdale,MS,39307,601-927-8287
Markus Lukasik,markus@yahoo.com,2022,111111487,,Markus,Lukasik,89 20th St E #779,Sterling Heights,Macomb,MI,48310,586-970-7380
Jaclyn Bachman,jaclyn@aol.com,2022,111111488,,Jaclyn,Bachman,721 Interstate 45 S,Colorado Springs,El Paso,CO,80919,719-853-3600
Cyril Daufeldt,cyril_daufeldt@daufeldt.com,2022,111111489,,Cyril,Daufeldt,3 Lawton St,New York,New York,NY,10013,212-745-8484
Gayla Schnitzler,gschnitzler@gmail.com,2022,111111490,,Gayla,Schnitzler,38 Pleasant Hill Rd,Hayward,Alameda,CA,94545,510-686-3407
Erick Nievas,erick_nievas@aol.com,2022,111111491,,Erick,Nievas,45 E Acacia Ct,Chicago,Cook,IL,60624,773-704-9903
Jennie Drymon,jennie@cox.net,2022,111111492,,Jennie,Drymon,63728 Poway Rd #1,Scranton,Lackawanna,PA,18509,570-218-4831
Mitsue Scipione,mscipione@scipione.com,2022,111111493,,Mitsue,Scipione,77 222 Dr,Oroville,Butte,CA,95965,530-986-9272
Ciara Ventura,cventura@yahoo.com,2022,111111494,,Ciara,Ventura,53 W Carey St,Port Jervis,Orange,NY,12771,845-823-8877
Galen Cantres,galen@yahoo.com,2022,111111495,,Galen,Cantres,617 Nw 36th Ave,Brook Park,Cuyahoga,OH,44142,216-600-6111
Truman Feichtner,tfeichtner@yahoo.com,2022,111111496,,Truman,Feichtner,539 Coldwater Canyon Ave,Bloomfield,Essex,NJ,7003,973-852-2736
Gail Kitty,gail@kitty.com,2022,111111497,,Gail,Kitty,735 Crawford Dr,Anchorage,Anchorage,AK,99501,907-435-9166
Dalene Schoeneck,dalene@schoeneck.org,2022,111111498,,Dalene,Schoeneck,910 Rahway Ave,Philadelphia,Philadelphia,PA,19102,215-268-1275
Gertude Witten,gertude.witten@gmail.com,2022,111111499,,Gertude,Witten,7 Tarrytown Rd,Cincinnati,Hamilton,OH,45217,513-977-7043
Lizbeth Kohl,lizbeth@yahoo.com,2022,111111500,,Lizbeth,Kohl,35433 Blake St #588,Gardena,Los Angeles,CA,90248,310-699-1222
Glenn Berray,gberray@gmail.com,2022,111111501,,Glenn,Berray,29 Cherry St #7073,Des Moines,Polk,IA,50315,515-370-7348
Lashandra Klang,lashandra@yahoo.com,2022,111111502,,Lashandra,Klang,810 N La Brea Ave,King of Prussia,Montgomery,PA,19406,610-809-1818
Lenna Newville,lnewville@newville.com,2022,111111503,,Lenna,Newville,987 Main St,Raleigh,Wake,NC,27601,919-623-2524
Laurel Pagliuca,laurel@yahoo.com,2022,111111504,,Laurel,Pagliuca,36 Enterprise St Se,Richland,Benton,WA,99352,509-695-5199
Mireya Frerking,mireya.frerking@hotmail.com,2022,111111505,,Mireya,Frerking,8429 Miller Rd,Pelham,Westchester,NY,10803,914-868-5965
Annelle Tagala,annelle@yahoo.com,2022,111111506,,Annelle,Tagala,5 W 7th St,Parkville,Baltimore,MD,21234,410-757-1035
Dean Ketelsen,dean_ketelsen@gmail.com,2022,111111507,,Dean,Ketelsen,2 Flynn Rd,Hicksville,Nassau,NY,11801,516-847-4418
Levi Munis,levi.munis@gmail.com,2022,111111508,,Levi,Munis,2094 Ne 36th Ave,Worcester,Worcester,MA,1603,508-456-4907
Sylvie Ryser,sylvie@aol.com,2022,111111509,,Sylvie,Ryser,649 Tulane Ave,Tulsa,Tulsa,OK,74105,918-644-9555
Sharee Maile,sharee_maile@aol.com,2022,111111510,,Sharee,Maile,2094 Montour Blvd,Muskegon,Muskegon,MI,49442,231-467-9978
Cordelia Storment,cordelia_storment@aol.com,2022,111111511,,Cordelia,Storment,393 Hammond Dr,Lafayette,Lafayette,LA,70506,337-566-6001
Mollie Mcdoniel,mollie_mcdoniel@yahoo.com,2022,111111512,,Mollie,Mcdoniel,8590 Lake Lizzie Dr,Bowling Green,Wood,OH,43402,419-975-3182
Brett Mccullan,brett.mccullan@mccullan.com,2022,111111513,,Brett,Mccullan,87895 Concord Rd,La Mesa,San Diego,CA,91942,619-461-9984
Teddy Pedrozo,teddy_pedrozo@aol.com,2022,111111514,,Teddy,Pedrozo,46314 Route 130,Bridgeport,Fairfield,CT,6610,203-892-3863
Tasia Andreason,tasia_andreason@yahoo.com,2022,111111515,,Tasia,Andreason,4 Cowesett Ave,Kearny,Hudson,NJ,7032,201-920-9002
Hubert Walthall,hubert@walthall.org,2022,111111516,,Hubert,Walthall,95 Main Ave #2,Barberton,Summit,OH,44203,330-903-1345
Arthur Farrow,arthur.farrow@yahoo.com,2022,111111517,,Arthur,Farrow,28 S 7th St #2824,Englewood,Bergen,NJ,7631,201-238-5688
Vilma Berlanga,vberlanga@berlanga.com,2022,111111518,,Vilma,Berlanga,79 S Howell Ave,Grand Rapids,Kent,MI,49546,616-737-3085
Billye Miro,billye_miro@cox.net,2022,111111519,,Billye,Miro,36 Lancaster Dr Se,Pearl,Rankin,MS,39208,601-567-5386
Glenna Slayton,glenna_slayton@cox.net,2022,111111520,,Glenna,Slayton,2759 Livingston Ave,Memphis,Shelby,TN,38118,901-640-9178
Mitzie Hudnall,mitzie_hudnall@yahoo.com,2022,111111521,,Mitzie,Hudnall,17 Jersey Ave,Englewood,Arapahoe,CO,80110,303-402-1940
Bernardine Rodefer,bernardine_rodefer@yahoo.com,2022,111111522,,Bernardine,Rodefer,2 W Grand Ave,Memphis,Shelby,TN,38112,901-901-4726
Staci Schmaltz,staci_schmaltz@aol.com,2022,111111523,,Staci,Schmaltz,18 Coronado Ave #563,Pasadena,Los Angeles,CA,91106,626-866-2339
Nichelle Meteer,nichelle_meteer@meteer.com,2022,111111524,,Nichelle,Meteer,72 Beechwood Ter,Chicago,Cook,IL,60657,773-225-9985
Janine Rhoden,jrhoden@yahoo.com,2022,111111525,,Janine,Rhoden,92 Broadway,Astoria,Queens,NY,11103,718-228-5894
Ettie Hoopengardner,ettie.hoopengardner@hotmail.com,2022,111111526,,Ettie,Hoopengardner,39 Franklin Ave,Richland,Benton,WA,99352,509-755-5393
Eden Jayson,eden_jayson@yahoo.com,2022,111111527,,Eden,Jayson,4 Iwaena St,Baltimore,Baltimore City,MD,21202,410-890-7866
Lynelle Auber,lynelle_auber@gmail.com,2022,111111528,,Lynelle,Auber,32820 Corkwood Rd,Newark,Essex,NJ,7104,973-860-8610
Merissa Tomblin,merissa.tomblin@gmail.com,2022,111111529,,Merissa,Tomblin,34 Raritan Center Pky,Bellflower,Los Angeles,CA,90706,562-579-6900
Golda Kaniecki,golda_kaniecki@yahoo.com,2022,111111530,,Golda,Kaniecki,6201 S Nevada Ave,Toms River,Ocean,NJ,8755,732-628-9909
Catarina Gleich,catarina_gleich@hotmail.com,2022,111111531,,Catarina,Gleich,78 Maryland Dr #146,Denville,Morris,NJ,7834,973-210-3994
Virgie Kiel,vkiel@hotmail.com,2022,111111532,,Virgie,Kiel,76598 Rd  I 95 #1,Denver,Denver,CO,80216,303-776-7548
Jolene Ostolaza,jolene@yahoo.com,2022,111111533,,Jolene,Ostolaza,1610 14th St Nw,Newport News,Newport News City,VA,23608,757-682-7116
Keneth Borgman,keneth@yahoo.com,2022,111111534,,Keneth,Borgman,86350 Roszel Rd,Phoenix,Maricopa,AZ,85012,602-919-4211
Rikki Nayar,rikki@nayar.com,2022,111111535,,Rikki,Nayar,1644 Clove Rd,Miami,Miami-Dade,FL,33155,305-968-9487
Elke Sengbusch,elke_sengbusch@yahoo.com,2022,111111536,,Elke,Sengbusch,9 W Central Ave,Phoenix,Maricopa,AZ,85013,602-896-2993
Hoa Sarao,hoa@sarao.org,2022,111111537,,Hoa,Sarao,27846 Lafayette Ave,Oak Hill,Volusia,FL,32759,386-526-7800
Trinidad Mcrae,trinidad_mcrae@yahoo.com,2022,111111538,,Trinidad,Mcrae,10276 Brooks St,San Francisco,San Francisco,CA,94105,415-331-9634
Mari Lueckenbach,mari_lueckenbach@yahoo.com,2022,111111539,,Mari,Lueckenbach,1 Century Park E,San Diego,San Diego,CA,92110,858-793-9684
Selma Husser,selma.husser@cox.net,2022,111111540,,Selma,Husser,9 State Highway 57 #22,Jersey City,Hudson,NJ,7306,201-991-8369
Antione Onofrio,aonofrio@onofrio.com,2022,111111541,,Antione,Onofrio,4 S Washington Ave,San Bernardino,San Bernardino,CA,92410,909-430-7765
Luisa Jurney,ljurney@hotmail.com,2022,111111542,,Luisa,Jurney,25 Se 176th Pl,Cambridge,Middlesex,MA,2138,617-365-2134
Clorinda Heimann,clorinda.heimann@hotmail.com,2022,111111543,,Clorinda,Heimann,105 Richmond Valley Rd,Escondido,San Diego,CA,92025,760-291-5497
Dick Wenzinger,dick@yahoo.com,2022,111111544,,Dick,Wenzinger,22 Spruce St #595,Gardena,Los Angeles,CA,90248,310-510-9713
Ahmed Angalich,ahmed.angalich@angalich.com,2022,111111545,,Ahmed,Angalich,2 W Beverly Blvd,Harrisburg,Dauphin,PA,17110,717-528-8996
Iluminada Ohms,iluminada.ohms@yahoo.com,2022,111111546,,Iluminada,Ohms,72 Southern Blvd,Mesa,Maricopa,AZ,85204,480-293-2882
Joanna Leinenbach,joanna_leinenbach@hotmail.com,2022,111111547,,Joanna,Leinenbach,1 Washington St,Lake Worth,Palm Beach,FL,33461,561-470-4574
Caprice Suell,caprice@aol.com,2022,111111548,,Caprice,Suell,90177 N 55th Ave,Nashville,Davidson,TN,37211,615-246-1824
Stephane Myricks,stephane_myricks@cox.net,2022,111111549,,Stephane,Myricks,9 Tower Ave,Burlington,Boone,KY,41005,859-717-7638
Quentin Swayze,quentin_swayze@yahoo.com,2022,111111550,,Quentin,Swayze,278 Bayview Ave,Milan,Monroe,MI,48160,734-561-6170
Annmarie Castros,annmarie_castros@gmail.com,2022,111111551,,Annmarie,Castros,80312 W 32nd St,Conroe,Montgomery,TX,77301,936-751-7961
Shonda Greenbush,shonda_greenbush@cox.net,2022,111111552,,Shonda,Greenbush,82 Us Highway 46,Clifton,Passaic,NJ,7011,973-482-2430
Cecil Lapage,clapage@lapage.com,2022,111111553,,Cecil,Lapage,4 Stovall St #72,Union City,Hudson,NJ,7087,201-693-3967
Jeanice Claucherty,jeanice.claucherty@yahoo.com,2022,111111554,,Jeanice,Claucherty,19 Amboy Ave,Miami,Miami-Dade,FL,33142,305-988-4162
Josphine Villanueva,josphine_villanueva@villanueva.com,2022,111111555,,Josphine,Villanueva,63 Smith Ln #8343,Moss,Clay,TN,38575,931-553-9774
Daniel Perruzza,dperruzza@perruzza.com,2022,111111556,,Daniel,Perruzza,11360 S Halsted St,Santa Ana,Orange,CA,92705,714-771-3880
Cassi Wildfong,cassi.wildfong@aol.com,2022,111111557,,Cassi,Wildfong,26849 Jefferson Hwy,Rolling Meadows,Cook,IL,60008,847-633-3216
Britt Galam,britt@galam.org,2022,111111558,,Britt,Galam,2500 Pringle Rd Se #508,Hatfield,Montgomery,PA,19440,215-888-3304
Adell Lipkin,adell.lipkin@lipkin.com,2022,111111559,,Adell,Lipkin,65 Mountain View Dr,Whippany,Morris,NJ,7981,973-654-1561
Jacqueline Rowling,jacqueline.rowling@yahoo.com,2022,111111560,,Jacqueline,Rowling,1 N San Saba,Erie,Erie,PA,16501,814-865-8113
Lonny Weglarz,lonny_weglarz@gmail.com,2022,111111561,,Lonny,Weglarz,51120 State Route 18,Salt Lake City,Salt Lake,UT,84115,801-293-9853
Lonna Diestel,lonna_diestel@gmail.com,2022,111111562,,Lonna,Diestel,1482 College Ave,Fayetteville,Cumberland,NC,28301,910-922-3672
Cristal Samara,cristal@cox.net,2022,111111563,,Cristal,Samara,4119 Metropolitan Dr,Los Angeles,Los Angeles,CA,90021,213-975-8026
Kenneth Grenet,kenneth.grenet@grenet.org,2022,111111564,,Kenneth,Grenet,2167 Sierra Rd,East Lansing,Ingham,MI,48823,517-499-2322
Elli Mclaird,emclaird@mclaird.com,2022,111111565,,Elli,Mclaird,6 Sunrise Ave,Utica,Oneida,NY,13501,315-818-2638
Alline Jeanty,ajeanty@gmail.com,2022,111111566,,Alline,Jeanty,55713 Lake City Hwy,South Bend,St Joseph,IN,46601,574-656-2800
Sharika Eanes,sharika.eanes@aol.com,2022,111111567,,Sharika,Eanes,75698 N Fiesta Blvd,Orlando,Orange,FL,32806,407-312-1691
Nu Mcnease,nu@gmail.com,2022,111111568,,Nu,Mcnease,88 Sw 28th Ter,Harrison,Hudson,NJ,7029,973-751-9003
Daniela Comnick,dcomnick@cox.net,2022,111111569,,Daniela,Comnick,7 Flowers Rd #403,Trenton,Mercer,NJ,8611,609-200-8577
Cecilia Colaizzo,cecilia_colaizzo@colaizzo.com,2022,111111570,,Cecilia,Colaizzo,4 Nw 12th St #3849,Madison,Dane,WI,53717,608-382-4541
Leslie Threets,leslie@cox.net,2022,111111571,,Leslie,Threets,2 A Kelley Dr,Katonah,Westchester,NY,10536,914-861-9748
Nan Koppinger,nan@koppinger.com,2022,111111572,,Nan,Koppinger,88827 Frankford Ave,Greensboro,Guilford,NC,27401,336-370-5333
Izetta Dewar,idewar@dewar.com,2022,111111573,,Izetta,Dewar,2 W Scyene Rd #3,Baltimore,Baltimore City,MD,21217,410-473-1708
Tegan Arceo,tegan.arceo@arceo.org,2022,111111574,,Tegan,Arceo,62260 Park Stre,Monroe Township,Middlesex,NJ,8831,732-730-2692
Ruthann Keener,ruthann@hotmail.com,2022,111111575,,Ruthann,Keener,3424 29th St Se,Kerrville,Kerr,TX,78028,830-258-2769
Joni Breland,joni_breland@cox.net,2022,111111576,,Joni,Breland,35 E Main St #43,Elk Grove Village,Cook,IL,60007,847-519-5906
Vi Rentfro,vrentfro@cox.net,2022,111111577,,Vi,Rentfro,7163 W Clark Rd,Freehold,Monmouth,NJ,7728,732-605-4781
Colette Kardas,colette.kardas@yahoo.com,2022,111111578,,Colette,Kardas,21575 S Apple Creek Rd,Omaha,Douglas,NE,68124,402-896-5943
Malcolm Tromblay,malcolm_tromblay@cox.net,2022,111111579,,Malcolm,Tromblay,747 Leonis Blvd,Annandale,Fairfax,VA,22003,703-221-5602
Ryan Harnos,ryan@cox.net,2022,111111580,,Ryan,Harnos,13 Gunnison St,Plano,Collin,TX,75075,972-558-1665
Jess Chaffins,jess.chaffins@chaffins.org,2022,111111581,,Jess,Chaffins,18 3rd Ave,New York,New York,NY,10016,212-510-4633
Sharen Bourbon,sbourbon@yahoo.com,2022,111111582,,Sharen,Bourbon,62 W Austin St,Syosset,Nassau,NY,11791,516-816-1541
Nickolas Juvera,nickolas_juvera@cox.net,2022,111111583,,Nickolas,Juvera,177 S Rider Trl #52,Crystal River,Citrus,FL,34429,352-598-8301
Gary Nunlee,gary_nunlee@nunlee.org,2022,111111584,,Gary,Nunlee,2 W Mount Royal Ave,Fortville,Hancock,IN,46040,317-542-6023
Diane Devreese,diane@cox.net,2022,111111585,,Diane,Devreese,1953 Telegraph Rd,Saint Joseph,Buchanan,MO,64504,816-557-9673
Roslyn Chavous,roslyn.chavous@chavous.org,2022,111111586,,Roslyn,Chavous,63517 Dupont St,Jackson,Hinds,MS,39211,601-234-9632
Glory Schieler,glory@yahoo.com,2022,111111587,,Glory,Schieler,5 E Truman Rd,Abilene,Taylor,TX,79602,325-869-2649
Rasheeda Sayaphon,rasheeda@aol.com,2022,111111588,,Rasheeda,Sayaphon,251 Park Ave #979,Saratoga,Santa Clara,CA,95070,408-805-4309
Alpha Palaia,alpha@yahoo.com,2022,111111589,,Alpha,Palaia,43496 Commercial Dr #29,Cherry Hill,Camden,NJ,8003,856-312-2629
Refugia Jacobos,refugia.jacobos@jacobos.com,2022,111111590,,Refugia,Jacobos,2184 Worth St,Hayward,Alameda,CA,94545,510-974-8671
Shawnda Yori,shawnda.yori@yahoo.com,2022,111111591,,Shawnda,Yori,50126 N Plankinton Ave,Longwood,Seminole,FL,32750,407-538-5106
Mona Delasancha,mdelasancha@hotmail.com,2022,111111592,,Mona,Delasancha,38773 Gravois Ave,Cheyenne,Laramie,WY,82001,307-403-1488
Gilma Liukko,gilma_liukko@gmail.com,2022,111111593,,Gilma,Liukko,16452 Greenwich St,Garden City,Nassau,NY,11530,516-393-9967
Janey Gabisi,jgabisi@hotmail.com,2022,111111594,,Janey,Gabisi,40 Cambridge Ave,Madison,Dane,WI,53715,608-967-7194
Lili Paskin,lili.paskin@cox.net,2022,111111595,,Lili,Paskin,20113 4th Ave E,Kearny,Hudson,NJ,7032,201-431-2989
Loren Asar,loren.asar@aol.com,2022,111111596,,Loren,Asar,6 Ridgewood Center Dr,Old Forge,Lackawanna,PA,18518,570-648-3035
Dorothy Chesterfield,dorothy@cox.net,2022,111111597,,Dorothy,Chesterfield,469 Outwater Ln,San Diego,San Diego,CA,92126,858-617-7834
Gail Similton,gail_similton@similton.com,2022,111111598,,Gail,Similton,62 Monroe St,Thousand Palms,Riverside,CA,92276,760-616-5388
Catalina Tillotson,catalina@hotmail.com,2022,111111599,,Catalina,Tillotson,3338 A Lockport Pl #6,Margate City,Atlantic,NJ,8402,609-373-3332
Lawrence Lorens,lawrence.lorens@hotmail.com,2022,111111600,,Lawrence,Lorens,9 Hwy,Providence,Providence,RI,2906,401-465-6432
Carlee Boulter,carlee.boulter@hotmail.com,2022,111111601,,Carlee,Boulter,8284 Hart St,Abilene,Dickinson,KS,67410,785-347-1805
Thaddeus Ankeny,tankeny@ankeny.org,2022,111111602,,Thaddeus,Ankeny,5 Washington St #1,Roseville,Placer,CA,95678,916-920-3571
Jovita Oles,joles@gmail.com,2022,111111603,,Jovita,Oles,8 S Haven St,Daytona Beach,Volusia,FL,32114,386-248-4118
Alesia Hixenbaugh,alesia_hixenbaugh@hixenbaugh.org,2022,111111604,,Alesia,Hixenbaugh,9 Front St,Washington,District of Columbia,DC,20001,202-646-7516
Lai Harabedian,lai@gmail.com,2022,111111605,,Lai,Harabedian,1933 Packer Ave #2,Novato,Marin,CA,94945,415-423-3294
Brittni Gillaspie,bgillaspie@gillaspie.com,2022,111111606,,Brittni,Gillaspie,67 Rv Cent,Boise,Ada,ID,83709,208-709-1235
Raylene Kampa,rkampa@kampa.org,2022,111111607,,Raylene,Kampa,2 Sw Nyberg Rd,Elkhart,Elkhart,IN,46514,574-499-1454
Flo Bookamer,flo.bookamer@cox.net,2022,111111608,,Flo,Bookamer,89992 E 15th St,Alliance,Box Butte,NE,69301,308-726-2182
Jani Biddy,jbiddy@yahoo.com,2022,111111609,,Jani,Biddy,61556 W 20th Ave,Seattle,King,WA,98104,206-711-6498
Chauncey Motley,chauncey_motley@aol.com,2022,111111610,,Chauncey,Motley,63 E Aurora Dr,Orlando,Orange,FL,32804,407-413-4842
